{
  "trainingResults": {
    "train_accuracy": 0.9246140718460083,
    "val_accuracy": 0.9484848380088806,
    "train_loss": 0.2123594731092453,
    "val_loss": 0.14958801865577698,
    "best_val_accuracy": 0.9484848380088806,
    "best_val_loss": 0.14958801865577698
  },
  "evaluation": {
    "precision_macro": 0.9348511357008874,
    "recall_macro": 0.9215547901364187,
    "f1_macro": 0.9258861411863336,
    "precision_weighted": 0.9535211487958508,
    "recall_weighted": 0.9484848484848485,
    "f1_weighted": 0.9495335599972059,
    "test": {
      "precision_macro": 0.9238641952666559,
      "recall_macro": 0.9275910609653304,
      "f1_macro": 0.924063372198854,
      "precision_weighted": 0.9524183019730387,
      "recall_weighted": 0.9486016628873771,
      "f1_weighted": 0.9494318510898044
    }
  }
}